{"xcip1fmzybxv": 1781682701.5407827, "p9xgbo5y1cqc": 1781682701.5407827, "rzew34dxvib7": 1781682701.5407827, "1vy7k66frhrh": 1781682701.5407827, "io3d22yytmnf": 1781682701.5407827, "ke2zvvac43u3": 1781682701.5407827, "kxtiaqpjs9a3": 1781682701.5407827, "u67xt1mqv4gg": 1781682701.5407827, "mv5h82mry2bc": 1781682701.5407827, "gxpodj9nvu19": 1781682701.5407827, "onftog6kmf1j": 1781682701.5407827, "pqpedo5jz6xe": 1781682701.5407827, "5zi1frmt7scq": 1781682701.5407827, "dqg1krdrxugh": 1781682701.5407827, "whzfw98fxypf": 1781682701.5407827, "qtxu43j4kctf": 1781682701.5407827, "nwyuo2toyisu": 1781682701.5407827, "xu5x44a8ivqg": 1781682701.5407827, "gccp1r1of43c": 1781682701.5407827, "uri8jn4v4bm9": 1781682701.5407827, "ibft7v2pfkio": 1781682701.5407827, "becmohwqymsz": 1781682701.5407827, "7c2e8hdanu7k": 1781682701.5407827, "ezgde1u2km8o": 1781682701.5407827, "4igayrttdy1h": 1781682701.5407827, "n3r3dcn78qap": 1781682701.5407827, "t7exqk2vk74d": 1781682701.5407827, "nw96d33w6pe5": 1781682701.5407827, "dhrddtq255q1": 1781682701.5407827, "t8urar7ed91s": 1781682701.5407827, "miuq2kncx2a6": 1781682701.5407827, "y4jzysocexu3": 1781682701.5407827, "edsxsbb8hkeh": 1781682701.5407827, "2mkynjjfwoid": 1781682701.5407827, "ch8w4pktyz95": 1781682701.5407827, "ywkiog3j1949": 1781682701.5407827, "f4ugoxb178p4": 1781682701.5407827, "6bxxncmptvfq": 1781682701.5407827, "8e8164mhjxv2": 1781682701.5407827, "53f59c23yx5u": 1781682701.5407827, "wxc4br4gtybj": 1781682701.5407827, "spb8gxz89tio": 1781682701.5407827, "p8832vhehai9": 1781682701.5407827, "3gdrutbn5mrq": 1781682701.5407827, "vc5me8iv578n": 1781682701.5407827, "93pndcc79v38": 1781682701.5407827, "uvuyjfpwve9y": 1781682701.5407827, "e9pyz2q3na5k": 1781682701.5407827, "17zuukrr54b1": 1781682701.5407827, "pu1b1rgwhy4v": 1781682701.5407827, "zbqre6o6eqiv": 1781682701.5407827, "vek2pw6pazr2": 1781682701.5407827, "c9t5zwx2kty6": 1781682701.5407827, "9qaytarmjd3e": 1781682701.5407827, "z3hnuchgqa6o": 1781682701.5407827, "nybfbnjvhd63": 1781682701.5407827, "kiydux8bwrp2": 1781682701.5407827, "axoj1an4u5uy": 1781682701.5407827, "muwwxoy19fpm": 1781682701.5407827, "qg3redi8icvw": 1781682701.5407827, "sw6xn3jaefii": 1781682701.5407827, "az3wc3zzp73z": 1781682701.5407827, "xs7jmygeiciq": 1781682701.5407827, "w5ehjjvc67bs": 1781682701.5407827, "5na6jghwytze": 1781682701.5407827, "vudb6s4fn1ez": 1781682701.5407827, "fy7v27d5xnpr": 1781682701.5407827, "bckgr5go3giw": 1781682701.5407827, "wsdvzsbfwgvv": 1781682701.5407827, "5vgzqr8xrrkx": 1781682701.5407827, "dzvaxnewr2pa": 1781682701.5407827, "og1pkphje7e2": 1781682701.5407827, "yb2rhb78ggsr": 1781682701.5407827, "xi2ojooeuirh": 1781682701.5407827, "6gavstwjgr3u": 1781682701.5407827, "axb4aotgcovh": 1781682701.5407827, "6vzyn1ssjomb": 1781682701.5407827, "e4wzc4y42ztf": 1781682701.5407827, "6g7m8d3x6iny": 1781682701.5407827, "xeksm1z1d8yx": 1781682701.5407827, "14trs632x8dq": 1781682701.5407827, "eoz2rf12jiqx": 1781682701.5407827, "bvvz7gtrixf3": 1781682701.5407827, "tjvodi6zydvr": 1781682701.5407827, "tvpjaivm7ys1": 1781682701.5407827, "kgubp7nksatp": 1781682701.5407827, "t8g2udipzqro": 1781682701.5407827, "2cw2oysggqpr": 1781682701.5407827, "wv761sykpiqj": 1781682701.5407827, "8zen132uy6os": 1781682701.5407827, "8wdf3v4gqm73": 1781682701.5407827, "q6kbzwktqjkq": 1781682701.5407827, "2acvb8r2yc8o": 1781682701.5407827, "m3jnrzjv61us": 1781682701.5407827, "6453mesotjr7": 1781682701.5407827, "3hu4xobntif9": 1781682701.5407827, "t3hknwrw46h8": 1781682701.5407827, "7a3twf8z1s42": 1781682701.5407827, "nsg9wwqi7ntn": 1781682701.5407827, "et5pbrg822aq": 1781682701.5407827, "i32pzs47zx5i": 1781682731.249873, "q1ijqk8w7ycy": 1781682731.319503, "d9enumry5ksx": 1781682731.39412, "ij242o998e16": 1781682751.1480887, "owo2ovnwgkif": 1781682751.21086, "atv5yt8bqc2n": 1781682751.2747414, "8sn3ob2mk3i6": 1781682751.3392558, "f6bkrrn171ao": 1781682751.4045656, "vgebqqkexdi7": 1781682751.4744449, "zd2nonn9sz9n": 1781682751.5400903, "cnftcctokrye": 1781682751.6131306, "e3adtc4tjj1p": 1781682751.6781552, "qeonjx2o1v7g": 1781682751.7483697, "dnfojpqehm7s": 1781682751.8090017, "bkfpi6j584pi": 1781682751.9104173, "6c728fjwfvzt": 1781682757.7079203, "d7ad6fhx9uv8": 1781682757.7792077, "u6wctwrn6yoz": 1781682757.8438916, "s3guxdvp6v5e": 1781682757.9115872, "1ysmexcra329": 1781682757.9741886, "jkbpkc93nqd5": 1781682758.0390997, "o66h5nuwsbht": 1781682758.1065464, "kfa9ywpacmr7": 1781682758.1721005, "gzmpt8cqvq7t": 1781682758.237578, "u9z6om8wtehc": 1781682758.306528, "8if276b1o59z": 1781682758.4557517, "mja3stvpaew5": 1781682758.5277965, "3wqix64gsxaa": 1781682758.587858, "m3id7yenpwrp": 1781682758.6480312, "wti1sw5c2wyv": 1781682758.7095685, "ugzsn9tsbhtf": 1781682763.9704318, "g7odukhebd1g": 1781682764.5481675, "rwv1e6j4kg6k": 1781682764.6214051, "fa8iws4qz6yd": 1781682764.686449, "z6edymwv9vkg": 1781682769.6464028, "13zbwwan487y": 1781682770.2688866, "f7mymwh4fjsb": 1781682770.3343494, "sbndkenjhr6w": 1781682770.4921062, "cr1xfydo3mca": 1781682770.6406186, "hy8dbr5u1ykt": 1781682770.701728, "ndayvkfon2wi": 1781682770.7660823, "n7sezsgshm92": 1781682770.8351982, "z6qarutb95kj": 1781682770.9001243, "33odif7g52ct": 1781682770.9682918, "a333rqct7vh2": 1781682776.2607982, "1a28jkbgwv4e": 1781682776.2608492, "w5qo2jigbyvs": 1781682776.2609272, "f1q2yd8urdya": 1781682776.2610273, "ipudunxd9u8m": 1781682776.2610652, "252i2axyc8jm": 1781682776.2610939, "hk3ecfvuncpe": 1781685722.7130363, "73js19kt67an": 1781685737.7664778, "97ozt3tzkrpz": 1781685748.3742514, "7bvnewkoqszm": 1781685763.4817994, "wxf54k8jvmix": 1781685774.0675576, "yijuo6h5gund": 1781685784.658695, "yzoqefgys4zh": 1781685795.3008337, "ho3curj67mj8": 1781685811.4609623, "92gw5hytqzt8": 1781685822.0443878, "7cmf1ch75mud": 1781685832.642179, "y6xi667nvyup": 1781685843.233389, "8kuteyo2nbny": 1781685853.8221016, "sdc9bv9b2627": 1781685864.4464207, "31vjz4b6xsa5": 1781685881.9914634, "4yxq7p1h1iuo": 1781685899.1152766, "dcxyskg3f29o": 1781685909.705237, "6ibu4wv2s7u4": 1781685923.85401, "gydofej32fei": 1781685934.557244, "41g47c7ahqpb": 1781685945.2854111, "ww24211gf2g9": 1781685960.5273285, "xkhf8wsosxtr": 1781685971.1283312, "83qoajo4ppyw": 1781685981.9930212, "uha1e83rqofg": 1781686003.2017665, "rzoii69tmup4": 1781686013.961572, "dvqxto6dxoqm": 1781686028.1023993, "ocvjeik13sf5": 1781686038.6992805, "xahk1w4n6q3q": 1781686052.7809777, "bt2yjeijcwgq": 1781686063.408148, "ioq1noiqc71e": 1781686073.9948697, "y213i7e16p15": 1781686084.5912545, "4g4v7qmtfg2b": 1781686095.1830084, "ccoy8k1mfrbq": 1781686105.7675912, "gre8bh9e2c4f": 1781686119.9321876, "awzj974jyihv": 1781686134.574171, "15iy46obqh2s": 1781687838.7591062, "ppt7qrq974y3": 1781687849.367073, "ho2aiezmg66s": 1781687879.0207365, "swk67rrk4mji": 1781687931.1939423, "5g7cr8adnmkm": 1781687946.3891008, "2vva3xq2rxwc": 1781687972.1352146, "tcv23g86tm7w": 1781687990.422519, "te57za4wn7f4": 1781688016.110187, "45r3hy9hqpi5": 1781688031.2322986, "5ukncwuokcur": 1781688070.8997097, "ai5oku1w9w5a": 1781688131.9788074, "kcx964w7iweg": 1781688147.1432455, "2dj7io3n5ypi": 1781688157.7437074, "timotrqgba6t": 1781688267.4066732, "ah9bdcrqs2qr": 1781691832.1457553, "3w9u2qzvgzx9": 1781691930.719165, "49ond1r2engt": 1781694621.5612519, "65dc2jr7p9qf": 1781694624.325883, "ya2j1f4owdy1": 1781694627.068261, "u68thoj983ab": 1781694629.8157647, "8ibm1sos6rfv": 1781694632.5537965, "fybkbknvyrut": 1781694635.3062449, "42whikbr98ns": 1781694638.063851, "6ngipfy9rpfv": 1781694640.8017824, "1ywardhzw3vy": 1781694647.0332296, "h22jjm2qirdr": 1781694649.7711437, "2g3zcd9stsax": 1781694652.508978, "rhm8gdt79pjs": 1781694655.2729473, "h6bczoo4dgps": 1781694658.012428, "6tw13t8k6ai2": 1781694660.7468152, "aeh3ub9wd9hu": 1781694663.4841416, "nospz4tgb7nh": 1781694666.2305088, "bot85878v8jt": 1781694668.9728334, "roo1p8dgnx8t": 1781694671.8488631, "nzgtzqm36crn": 1781694674.5798066, "bgyex79tb258": 1781694677.337823, "r2epmrmkp6kv": 1781694680.0931177, "yysg5srx6ody": 1781694682.8956585, "j82pdnzmaxec": 1781694685.618172,